,name,username,license,tags,freesound_id,path
0,Roland JX-8P - Slow Bass - D#3 (51D#2-30U1.aif),modularsamples,http://creativecommons.org/publicdomain/zero/1.0/,"['multisample', 'single-note', 'synthesizer', 'Roland-JX-8P', 'midi-note-51', 'DSharp3']",309684,files/309684_2050105-hq.ogg
1,Roland JX-8P - Bonus Bass - F1 (30F#0-JP7Q.aif),modularsamples,http://creativecommons.org/publicdomain/zero/1.0/,"['multisample', 'single-note', 'synthesizer', 'Roland-JX-8P', 'midi-note-30', 'F1']",307802,files/307802_2050105-hq.ogg
2,Roland JX-8P - Sensitive Sync - C#2 (37C#1-30RT.aif),modularsamples,http://creativecommons.org/publicdomain/zero/1.0/,"['multisample', 'single-note', 'synthesizer', 'Roland-JX-8P', 'midi-note-37', 'CSharp2', 'midi-velocity-44']",308950,files/308950_2050105-hq.ogg
3,Roland JX-8P - Sensitive Square - D3 (50D2-KRMY.aif),modularsamples,http://creativecommons.org/publicdomain/zero/1.0/,"['multisample', 'single-note', 'synthesizer', 'Roland-JX-8P', 'midi-note-50', 'D3', 'midi-velocity-55']",308829,files/308829_2050105-hq.ogg
4,Roland JX-8P - Proto Filter - E6 (88E5-0PN5.aif),modularsamples,http://creativecommons.org/publicdomain/zero/1.0/,"['multisample', 'single-note', 'synthesizer', 'Roland-JX-8P', 'midi-note-88', 'E6']",308411,files/308411_2050105-hq.ogg
5,Roland JX-8P - Vulgar - C#6 (85C#5-VF2Y.aif),modularsamples,http://creativecommons.org/publicdomain/zero/1.0/,"['multisample', 'single-note', 'synthesizer', 'Roland-JX-8P', 'midi-note-85', 'CSharp6']",309962,files/309962_2050105-hq.ogg
6,Roland JX-8P - Thin Brassy - E2 (40E1-0VFX.aif),modularsamples,http://creativecommons.org/publicdomain/zero/1.0/,"['multisample', 'single-note', 'synthesizer', 'Roland-JX-8P', 'midi-note-40', 'E2']",309795,files/309795_2050105-hq.ogg
7,Roland JX-8P - Buzzy Lead - B2 (47B1-GCW4.aif),modularsamples,http://creativecommons.org/publicdomain/zero/1.0/,"['multisample', 'single-note', 'synthesizer', 'Roland-JX-8P', 'midi-note-47', 'B2']",307868,files/307868_2050105-hq.ogg
8,Roland JX-8P - Look Ma No Chorus - F#3 (55G2-LVHI.aif),modularsamples,http://creativecommons.org/publicdomain/zero/1.0/,"['multisample', 'single-note', 'synthesizer', 'Roland-JX-8P', 'midi-note-55', 'FSharp3', 'midi-velocity-16']",308117,files/308117_2050105-hq.ogg
9,Roland JX-8P - Sample & Hold it - C#2 (37C#1-KXMQ.aif),modularsamples,http://creativecommons.org/publicdomain/zero/1.0/,"['multisample', 'single-note', 'synthesizer', 'Roland-JX-8P', 'midi-note-37', 'CSharp2', 'midi-velocity-8']",308426,files/308426_2050105-hq.ogg
10,Roland JX-8P - Under rated - C2 (36C1-3VXO.aif),modularsamples,http://creativecommons.org/publicdomain/zero/1.0/,"['multisample', 'single-note', 'synthesizer', 'Roland-JX-8P', 'midi-note-36', 'C2']",309852,files/309852_2050105-hq.ogg
11,Roland JX-8P - Weird Mod - C#2 (37C#1-1Z6F.aif),modularsamples,http://creativecommons.org/publicdomain/zero/1.0/,"['multisample', 'single-note', 'synthesizer', 'Roland-JX-8P', 'midi-note-37', 'CSharp2', 'midi-velocity-16']",309976,files/309976_2050105-hq.ogg
12,Roland JX-8P - Noisy Decade - C#2 (37C#1-X2Z3.aif),modularsamples,http://creativecommons.org/publicdomain/zero/1.0/,"['multisample', 'single-note', 'synthesizer', 'Roland-JX-8P', 'midi-note-37', 'CSharp2']",308299,files/308299_2050105-hq.ogg
13,Roland JX-8P - Synthetic - C#2 (37C#1-3MX9.aif),modularsamples,http://creativecommons.org/publicdomain/zero/1.0/,"['multisample', 'single-note', 'synthesizer', 'Roland-JX-8P', 'midi-note-37', 'CSharp2']",309731,files/309731_2050105-hq.ogg
14,Roland JX-8P - Dark Pad Chorus - C2 (36C1-PR2U.aif),modularsamples,http://creativecommons.org/publicdomain/zero/1.0/,"['multisample', 'single-note', 'synthesizer', 'Roland-JX-8P', 'midi-note-36', 'C2']",307918,files/307918_2050105-hq.ogg
15,Roland JX-8P - Dark Pad Detune - C2 (36C1-XQKV.aif),modularsamples,http://creativecommons.org/publicdomain/zero/1.0/,"['multisample', 'single-note', 'synthesizer', 'Roland-JX-8P', 'midi-note-36', 'C2']",307979,files/307979_2050105-hq.ogg
16,Roland JX-8P - Mod Pad - C2 (36C1-KLUO.aif),modularsamples,http://creativecommons.org/publicdomain/zero/1.0/,"['multisample', 'single-note', 'synthesizer', 'Roland-JX-8P', 'midi-note-36', 'C2']",308237,files/308237_2050105-hq.ogg
17,18C#5.wav,insky60,http://creativecommons.org/licenses/sampling+/1.0/,"['analog', 'jx-8p', 'lead', 'synth']",20372,files/20372_28848-hq.ogg
18,Logan's Run,drriquet,http://creativecommons.org/publicdomain/zero/1.0/,"['sci-fi', 'fx', 'ambient', 'space', 'analog', 'Roland', 'JX8P', 'synth']",135144,files/135144_615581-hq.ogg
19,The Hitchhiker.wav,drriquet,http://creativecommons.org/publicdomain/zero/1.0/,"['Sci-Fi', 'UFO', 'FX', 'Weird', 'Analog', 'JX8P', 'Roland', 'Synth', 'Filter', 'Scary', 'Ambient', 'Movie', 'Space', 'Creepy', 'Machine', 'Strange', 'LFO', '80s', 'Soundscape', 'Spaceship']",135166,files/135166_615581-hq.ogg
20,jkh8899.wav,patchen,https://creativecommons.org/licenses/by/4.0/,"['analog', 'instrument', 'instrumental', 'lo-fi', 'lofi', 'loop', 'noisy', 'synth']",3501,files/3501_6997-hq.ogg
21,Bassesland 05 Picked Bass,syntheway,http://creativecommons.org/publicdomain/zero/1.0/,"['vst-plugin', 'vst', 'electric', 'midi', 'bass-vst', 'basses', 'virtual-bass', 'synthesizer', 'picked-bass', 'synth', 'electro', 'bass']",344922,files/344922_3546642-hq.ogg
22,Roland JX-3P - SqrSyn - C#2 (37C#1-8GID.aif),modularsamples,http://creativecommons.org/publicdomain/zero/1.0/,"['multisample', 'single-note', 'synthesizer', 'Roland-JX-3P', 'midi-note-37', 'CSharp2']",307475,files/307475_2050105-hq.ogg
23,Roland JX-3P - Brassy - F4 (0-QC8H.aif),modularsamples,http://creativecommons.org/publicdomain/zero/1.0/,"['multisample', 'single-note', 'synthesizer', 'Roland-JX-3P', 'midi-note-66', 'F4']",306105,files/306105_2050105-hq.ogg
24,Roland JX-3P - Rave Stabbing - F3 (0-GW8G.aif),modularsamples,http://creativecommons.org/publicdomain/zero/1.0/,"['multisample', 'single-note', 'synthesizer', 'Roland-JX-3P', 'midi-note-54', 'F3']",307089,files/307089_2050105-hq.ogg
25,Roland JX-3P - Simple JX - A6 (0-F8KV.aif),modularsamples,http://creativecommons.org/publicdomain/zero/1.0/,"['multisample', 'single-note', 'synthesizer', 'Roland-JX-3P', 'midi-note-93', 'A6']",307350,files/307350_2050105-hq.ogg
26,Roland JX-3P - SnapBass - A3 (57A2-P8EO.aif),modularsamples,http://creativecommons.org/publicdomain/zero/1.0/,"['multisample', 'single-note', 'synthesizer', 'Roland-JX-3P', 'midi-note-57', 'A3']",307434,files/307434_2050105-hq.ogg
27,Roland JX-3P - Little Bass - D#4 (0-PSL8.aif),modularsamples,http://creativecommons.org/publicdomain/zero/1.0/,"['multisample', 'single-note', 'synthesizer', 'Roland-JX-3P', 'midi-note-63', 'DSharp4']",306795,files/306795_2050105-hq.ogg
28,Roland JX-3P - Cease - C5 (0-01Q8.aif),modularsamples,http://creativecommons.org/publicdomain/zero/1.0/,"['multisample', 'single-note', 'synthesizer', 'Roland-JX-3P', 'midi-note-72', 'C5']",306173,files/306173_2050105-hq.ogg
29,Roland JX-3P - FunkyWhiner - F2 (42F#1-KFJ8.aif),modularsamples,http://creativecommons.org/publicdomain/zero/1.0/,"['multisample', 'single-note', 'synthesizer', 'Roland-JX-3P', 'midi-note-42', 'F2']",306286,files/306286_2050105-hq.ogg
30,Roland JX-3P - Airy - A#5 (82A#4-OS8H.aif),modularsamples,http://creativecommons.org/publicdomain/zero/1.0/,"['multisample', 'single-note', 'synthesizer', 'Roland-JX-3P', 'midi-note-82', 'ASharp5']",305999,files/305999_2050105-hq.ogg
31,Roland JX-3P - DCO Piano - C6 (0-VMH8.aif),modularsamples,http://creativecommons.org/publicdomain/zero/1.0/,"['multisample', 'single-note', 'synthesizer', 'Roland-JX-3P', 'midi-note-84', 'C6']",306214,files/306214_2050105-hq.ogg
32,Roland JX-3P - GasFlowers - A#5 (82A#4-T8N9.aif),modularsamples,http://creativecommons.org/publicdomain/zero/1.0/,"['multisample', 'single-note', 'synthesizer', 'Roland-JX-3P', 'midi-note-82', 'ASharp5']",306387,files/306387_2050105-hq.ogg
33,Roland JX-3P - InSpace - D4 (62D3-8VMG.aif),modularsamples,http://creativecommons.org/publicdomain/zero/1.0/,"['multisample', 'single-note', 'synthesizer', 'Roland-JX-3P', 'midi-note-62', 'D4']",306489,files/306489_2050105-hq.ogg
34,Roland JX-3P - Ivor Biggun - F2 (0-90Z8.aif),modularsamples,http://creativecommons.org/publicdomain/zero/1.0/,"['multisample', 'single-note', 'synthesizer', 'Roland-JX-3P', 'midi-note-42', 'F2']",306530,files/306530_2050105-hq.ogg
35,Roland JX-3P - Ivor Evan Biggurun - B2 (0-8RWP.aif),modularsamples,http://creativecommons.org/publicdomain/zero/1.0/,"['multisample', 'single-note', 'synthesizer', 'Roland-JX-3P', 'midi-note-47', 'B2']",306596,files/306596_2050105-hq.ogg
36,Roland JX-3P - JX Joanna - G2 (0-U8IN.aif),modularsamples,http://creativecommons.org/publicdomain/zero/1.0/,"['multisample', 'single-note', 'synthesizer', 'Roland-JX-3P', 'midi-note-44', 'G2']",306654,files/306654_2050105-hq.ogg
37,Roland JX-3P - Nerd Bass - A#4 (0-8WMC.aif),modularsamples,http://creativecommons.org/publicdomain/zero/1.0/,"['multisample', 'single-note', 'synthesizer', 'Roland-JX-3P', 'midi-note-70', 'ASharp4']",306863,files/306863_2050105-hq.ogg
38,Roland JX-3P - Pick Wobble - E#2 (41F1-M8XR.aif),modularsamples,http://creativecommons.org/publicdomain/zero/1.0/,"['multisample', 'single-note', 'synthesizer', 'Roland-JX-3P', 'midi-note-41', 'ESharp2']",307015,files/307015_2050105-hq.ogg
39,Roland JX-3P - Sync Down - F3 (0-UGX8.aif),modularsamples,http://creativecommons.org/publicdomain/zero/1.0/,"['multisample', 'single-note', 'synthesizer', 'Roland-JX-3P', 'midi-note-54', 'F3']",307553,files/307553_2050105-hq.ogg
40,Roland JX-3P - Wobble Brass - D#6 (0-Y0J8.aif),modularsamples,http://creativecommons.org/publicdomain/zero/1.0/,"['multisample', 'single-note', 'synthesizer', 'Roland-JX-3P', 'midi-note-87', 'DSharp6']",307791,files/307791_2050105-hq.ogg
41,Roland JX-3P - Harsher - F6 (90F#5-FNK8.aif),modularsamples,http://creativecommons.org/publicdomain/zero/1.0/,"['multisample', 'single-note', 'synthesizer', 'Roland-JX-3P', 'midi-note-90', 'F6']",306456,files/306456_2050105-hq.ogg
42,Roland JX-3P - On Off Strings - F#5 (0-H8PU.aif),modularsamples,http://creativecommons.org/publicdomain/zero/1.0/,"['multisample', 'single-note', 'synthesizer', 'Roland-JX-3P', 'midi-note-79', 'FSharp5', 'midi-velocity-96']",306975,files/306975_2050105-hq.ogg
43,Roland JX-3P - Rounder Bass - C4 (61C3-Z8ZP.aif),modularsamples,http://creativecommons.org/publicdomain/zero/1.0/,"['multisample', 'single-note', 'synthesizer', 'Roland-JX-3P', 'midi-note-60', 'C4']",307199,files/307199_2050105-hq.ogg
44,Roland JX-3P - S&HOne - C5 (72C4-2PR8.aif),modularsamples,http://creativecommons.org/publicdomain/zero/1.0/,"['multisample', 'single-note', 'synthesizer', 'Roland-JX-3P', 'midi-note-72', 'C5']",307245,files/307245_2050105-hq.ogg
45,Roland JX-3P - Simple - F3 (54F#2-8SVO.aif),modularsamples,http://creativecommons.org/publicdomain/zero/1.0/,"['multisample', 'single-note', 'synthesizer', 'Roland-JX-3P', 'midi-note-54', 'F3']",307288,files/307288_2050105-hq.ogg
46,Roland JX-3P - Tipsy Sync - E3 (0-4G8K.aif),modularsamples,http://creativecommons.org/publicdomain/zero/1.0/,"['multisample', 'single-note', 'synthesizer', 'Roland-JX-3P', 'midi-note-52', 'E3']",307673,files/307673_2050105-hq.ogg
47,Roland JX-3P - BigJX - B2 (47B1-0BS8.aif),modularsamples,http://creativecommons.org/publicdomain/zero/1.0/,"['multisample', 'single-note', 'synthesizer', 'Roland-JX-3P', 'midi-note-47', 'B2']",306025,files/306025_2050105-hq.ogg
48,Roland JX-3P - Rising Damp - F#2 (0-LBT8.aif),modularsamples,http://creativecommons.org/publicdomain/zero/1.0/,"['multisample', 'single-note', 'synthesizer', 'Roland-JX-3P', 'midi-note-43', 'FSharp2']",307139,files/307139_2050105-hq.ogg
49,Roland JX-3P - Wet - A3 (57A2-8RSS.aif),modularsamples,http://creativecommons.org/publicdomain/zero/1.0/,"['multisample', 'single-note', 'synthesizer', 'Roland-JX-3P', 'midi-note-57', 'A3']",307726,files/307726_2050105-hq.ogg
50,Roland JX-3P - Drunk Cat - F#2 (0-GRC8.aif),modularsamples,http://creativecommons.org/publicdomain/zero/1.0/,"['multisample', 'single-note', 'synthesizer', 'Roland-JX-3P', 'midi-note-43', 'FSharp2']",306226,files/306226_2050105-hq.ogg
51,Roland JX-3P - LFOfade - F3 (54F#2-V0R8.aif),modularsamples,http://creativecommons.org/publicdomain/zero/1.0/,"['multisample', 'single-note', 'synthesizer', 'Roland-JX-3P', 'midi-note-54', 'F3']",306725,files/306725_2050105-hq.ogg
52,Roland JX-3P - SlowOne - G2 (44G#1-KS8Y.aif),modularsamples,http://creativecommons.org/publicdomain/zero/1.0/,"['multisample', 'single-note', 'synthesizer', 'Roland-JX-3P', 'midi-note-44', 'G2']",307360,files/307360_2050105-hq.ogg
53,Roland JX-3P - SyncShips - E#2 (41F1-AH8V.aif),modularsamples,http://creativecommons.org/publicdomain/zero/1.0/,"['multisample', 'single-note', 'synthesizer', 'Roland-JX-3P', 'midi-note-41', 'ESharp2']",307601,files/307601_2050105-hq.ogg
54,[SEMI-RAW] P38 AC42 Shot (8),smill.and.welson,https://creativecommons.org/licenses/by/4.0/,"['ww2', 'firing', 'shoot', '9x19mm', 'ac42', '9mm', 'shot', 'germany', 'fire', 'gunshot', 'german', 'gun-shot', 'walther', 'gun', 'shooting', 'p38', 'wwii', 'great-northwest-weaponry', 'pistol', 'gunfire']",710312,files/710312_15125049-hq.ogg
55,p8b2p77_cream puff 1 [2022-09-04 123516].wav,wavtailer,https://creativecommons.org/licenses/by-nc/4.0/,"['phat', 'lowend', 'loop', 'synth', 'thick', 'bassy', 'groove', 'analog', 'prophet08']",648961,files/648961_4341480-hq.ogg
56,superwave p8 super lead cut3.wav,Calethos,http://creativecommons.org/publicdomain/zero/1.0/,"['lead', 'synth']",31119,files/31119_248225-hq.ogg
57,superwave p8 super lead cut1.wav,Calethos,http://creativecommons.org/publicdomain/zero/1.0/,"['lead', 'synth']",31131,files/31131_248225-hq.ogg
58,superwave p8 super lead cut4.wav,Calethos,http://creativecommons.org/publicdomain/zero/1.0/,"['lead', 'synth']",31132,files/31132_248225-hq.ogg
59,JX3P DistAcid1-0136.wav,MGFaudio,http://creativecommons.org/publicdomain/zero/1.0/,"['jx3p', 'distortion', 'roland', 'synth', 'analogue', 'analog']",264021,files/264021_4942436-hq.ogg
60,JX3P DistAcid1-0135.wav,MGFaudio,http://creativecommons.org/publicdomain/zero/1.0/,"['jx3p', 'distortion', 'roland', 'synth', 'analogue', 'analog']",264022,files/264022_4942436-hq.ogg
61,JX3P DistAcid1-0132.wav,MGFaudio,http://creativecommons.org/publicdomain/zero/1.0/,"['jx3p', 'distortion', 'roland', 'synth', 'analogue', 'analog']",264025,files/264025_4942436-hq.ogg
62,JX3P DistAcid1-0133.wav,MGFaudio,http://creativecommons.org/publicdomain/zero/1.0/,"['jx3p', 'distortion', 'roland', 'synth', 'analogue', 'analog']",264028,files/264028_4942436-hq.ogg
63,JX3P DistAcid1-0226.wav,MGFaudio,http://creativecommons.org/publicdomain/zero/1.0/,"['jx3p', 'distortion', 'roland', 'synth', 'analogue', 'analog']",264029,files/264029_4942436-hq.ogg
64,JX3P DistAcid1-0225.wav,MGFaudio,http://creativecommons.org/publicdomain/zero/1.0/,"['jx3p', 'distortion', 'roland', 'synth', 'analogue', 'analog']",264030,files/264030_4942436-hq.ogg
65,8 bit game loop 004  simple mix 4 short 120 bpm.wav,josefpres,http://creativecommons.org/publicdomain/zero/1.0/,"['gamemusic', 'josepres', '8-bits', '8bit', 'loops', 'electronic', 'sega', 'music', 'synth', 'gameloop', '8', 'electro', 'pres', 'bass', 'beat', 'josef', 'free', '120', 'mario', 'game', '8bitmusic', 'nintendo', 'bit', 'drum', 'bpm', 'gameboy', '8-bit', 'loop']",653797,files/653797_5674468-hq.ogg
66,8 bit game loop 011  simple mix 1 short 120 bpm.wav,josefpres,http://creativecommons.org/publicdomain/zero/1.0/,"['gamemusic', 'josepres', '8-bits', '8bit', 'loops', 'electronic', 'sega', 'music', 'synth', 'gameloop', '8', 'electro', 'pres', 'bass', 'beat', 'josef', 'free', '120', 'mario', 'game', '8bitmusic', 'nintendo', 'bit', 'drum', 'bpm', 'gameboy', '8-bit', 'loop']",657654,files/657654_5674468-hq.ogg
67,8 bit game loop 012  only bass short 120 bpm.wav,josefpres,http://creativecommons.org/publicdomain/zero/1.0/,"['gamemusic', 'josepres', '8-bits', '8bit', 'loops', 'electronic', 'sega', 'music', 'synth', 'gameloop', '8', 'electro', 'pres', 'bass', 'beat', 'josef', 'free', '120', 'mario', 'game', '8bitmusic', 'nintendo', 'bit', 'drum', 'bpm', 'gameboy', '8-bit', 'loop']",658332,files/658332_5674468-hq.ogg
68,8 bit game loop 008  only drums short 120 bpm.wav,josefpres,http://creativecommons.org/publicdomain/zero/1.0/,"['gamemusic', 'josepres', '8-bits', '8bit', 'loops', 'electronic', 'sega', 'music', 'synth', 'gameloop', '8', 'electro', 'pres', 'bass', 'beat', 'josef', 'free', '120', 'mario', 'game', '8bitmusic', 'nintendo', 'bit', 'drum', 'bpm', 'gameboy', '8-bit', 'loop']",656130,files/656130_5674468-hq.ogg
69,8 bit game loop 014  simple mix 2 short 120 bpm.wav,josefpres,http://creativecommons.org/publicdomain/zero/1.0/,"['gamemusic', 'josepres', '8-bits', '8bit', 'loops', 'electronic', 'sega', 'music', 'synth', 'gameloop', '8', 'electro', 'pres', 'bass', 'beat', 'josef', 'free', '120', 'mario', 'game', '8bitmusic', 'nintendo', 'bit', 'drum', 'bpm', 'gameboy', '8-bit', 'loop']",659016,files/659016_5674468-hq.ogg
70,8 bit game loop 005 only drums short 120 bpm.wav,josefpres,http://creativecommons.org/publicdomain/zero/1.0/,"['gamemusic', 'josepres', '8-bits', '8bit', 'loops', 'electronic', 'sega', 'music', 'synth', 'gameloop', '8', 'electro', 'pres', 'bass', 'beat', 'josef', 'free', '120', 'mario', 'game', '8bitmusic', 'nintendo', 'bit', 'drum', 'bpm', 'gameboy', '8-bit', 'loop']",655080,files/655080_5674468-hq.ogg
71,8 bit game loop 003  simple mix 1 short 120 bpm.wav,josefpres,http://creativecommons.org/publicdomain/zero/1.0/,"['gamemusic', 'josepres', '8-bits', '8bit', 'loops', 'electronic', 'sega', 'music', 'synth', 'gameloop', '8', 'electro', 'pres', 'bass', 'beat', 'josef', 'free', '120', 'mario', 'game', 'gameboy', 'nintendo', 'bit', 'drum', 'bpm', '8-bit', 'loop']",653713,files/653713_5674468-hq.ogg
72,8 bit game loop 009  simple mix 2 short 120 bpm.wav,josefpres,http://creativecommons.org/publicdomain/zero/1.0/,"['gamemusic', 'josepres', '8-bits', '8bit', 'loops', 'electronic', 'sega', 'music', 'synth', 'gameloop', '8', 'electro', 'pres', 'bass', 'beat', 'josef', 'free', '120', 'mario', 'game', '8bitmusic', 'nintendo', 'bit', 'drum', 'bpm', 'gameboy', '8-bit', 'loop']",657561,files/657561_5674468-hq.ogg
73,8 bit game loop 013  only organ short 120 bpm.wav,josefpres,http://creativecommons.org/publicdomain/zero/1.0/,"['gamemusic', 'josepres', '8-bits', '8bit', 'loops', 'electronic', 'sega', 'music', 'synth', 'gameloop', '8', 'electro', 'pres', 'bass', 'beat', 'josef', 'free', '120', 'mario', 'game', '8bitmusic', 'nintendo', 'bit', 'drum', 'bpm', 'gameboy', '8-bit', 'loop']",658580,files/658580_5674468-hq.ogg
74,8 bit game loop 006 only drums short 120 bpm.wav,josefpres,http://creativecommons.org/publicdomain/zero/1.0/,"['gamemusic', 'josepres', '8-bits', '8bit', 'loops', 'electronic', 'sega', 'music', 'synth', 'gameloop', '8', 'electro', 'pres', 'bass', 'beat', 'josef', 'free', '120', 'mario', 'game', '8bitmusic', 'nintendo', 'bit', 'drum', 'bpm', 'gameboy', '8-bit', 'loop']",655187,files/655187_5674468-hq.ogg
75,8 bit game loop 007  simple mix 3 short 120 bpm.wav,josefpres,http://creativecommons.org/publicdomain/zero/1.0/,"['gamemusic', 'josepres', '8-bits', '8bit', 'loops', 'electronic', 'sega', 'music', 'synth', 'gameloop', '8', 'electro', 'pres', 'bass', 'beat', 'josef', 'free', '120', 'mario', 'game', '8bitmusic', 'nintendo', 'bit', 'drum', 'bpm', 'gameboy', '8-bit', 'loop']",655819,files/655819_5674468-hq.ogg
76,8 bit game loop 010  simple mix 1 short 120 bpm.wav,josefpres,http://creativecommons.org/publicdomain/zero/1.0/,"['gamemusic', 'josepres', '8-bits', '8bit', 'loops', 'electronic', 'sega', 'music', 'synth', 'gameloop', '8', 'electro', 'pres', 'bass', 'beat', 'josef', 'free', '120', 'mario', 'game', '8bitmusic', 'nintendo', 'bit', 'drum', 'bpm', 'gameboy', '8-bit', 'loop']",657575,files/657575_5674468-hq.ogg
77,JX8P sample.wav,kainen,http://creativecommons.org/publicdomain/zero/1.0/,"['j8-xp', 'roland', 'synth']",432208,files/432208_18718-hq.ogg
78,Slingshot flyby 8.wav,saturdaysoundguy,http://creativecommons.org/publicdomain/zero/1.0/,"['fly', 'pass-by', 'sling', 'whoosh', 'flyby', 'wizz', 'whiz', 'fly-by', 'swoosh', 'shot', 'by']",394188,files/394188_7280678-hq.ogg
79,a_p_sansula.WAV,pmedig,http://creativecommons.org/licenses/by/3.0/,"['melodic', 'mbira', 'thumb', 'sansula', 'lamellaphone', 'percussion', 'kalimba', 'piano']",181734,files/181734_351215-hq.ogg
80,acoustic guitar melody fingerstyle #8,Garuda1982,https://creativecommons.org/licenses/by/4.0/,"['gitarre', 'acoustic-guitar', 'fingerstyle', 'melodie', 'music', 'steelstring', 'fingerpicking', 'melody']",659312,files/659312_2061858-hq.ogg
81,8 Bit Slam,Jofae,http://creativecommons.org/publicdomain/zero/1.0/,"['violent', 'slam', '8bit', 'close', 'hit', 'injure', 'wound', 'damage', 'attack', 'doors', 'slamming', '8', 'shut', 'door', 'effect', 'hurt', 'punch', 'bit', 'sound', 'audio', 'violence', 'game', 'closing', '8-bit']",361636,files/361636_6512973-hq.ogg
82,8 year old child screams in apartment sound effect,Garuda1982,https://creativecommons.org/licenses/by/4.0/,"['sound', 'd100', 'kids', 'pain', 'pcm', 'cry', 'effect', 'schrill', 'children', 'indoor', 'apartment', 'child', 'sony', 'yell', 'screak', 'scream', 'kid']",554903,files/554903_2061858-hq.ogg
83,8 Bit Sizzle,Jofae,http://creativecommons.org/publicdomain/zero/1.0/,"['sound', 'style', 'sizzle', 'old', 'liquid', 'burn', 'effect', 'lava', 'hot', 'boiling', 'game', '8bit', 'cook', '8', 'bit', 'audio', 'fry', 'retro']",361211,files/361211_6512973-hq.ogg
84,MSfxP4 - 158_3 - (Remix 494036),Erokia,https://creativecommons.org/licenses/by-nc/4.0/,"['shot', 'reverb', 'synth', 'sampling', 'effect', 'one', 'high', 'glitch', 'sampler', 'lofi', 'piano', 'ominous', 'eq', 'pitched', 'loop']",494069,files/494069_9497060-hq.ogg
85,morales_juan_antropofonia_cepillado_dientes.wav,artesmediales,http://creativecommons.org/publicdomain/zero/1.0/,"['antropofonia', 'lavando-dientes', 'agua', 'water', 'antro-phony', 'washing-teeth']",515598,files/515598_5848334-hq.ogg
86,Fire Fuse Ignite Flame Mid,EminYILDIRIM,https://creativecommons.org/licenses/by/4.0/,"['Ignite', 'sizzle', 'burning', 'Fire', 'burn', 'sizzling', 'fire', 'Fuse', 'Flame', 'frying']",540831,files/540831_10912485-hq.ogg
87,door knob.wav,msmithnino,http://creativecommons.org/publicdomain/zero/1.0/,"['door-knob', 'house', 'wav', 'minimal', 'isolated-sound']",431488,files/431488_8707827-hq.ogg
88,tap water.wav,msmithnino,http://creativecommons.org/publicdomain/zero/1.0/,"['isolated-sound', 'water-falling', 'tap-water']",432676,files/432676_8707827-hq.ogg
89,Foam polymer packaging creaks,tapochqa,https://creativecommons.org/licenses/by/4.0/,"['crunch', 'creaking', 'polymer', 'scratch', 'foam', 'studio-recording', 'creak']",472121,files/472121_7998291-hq.ogg
90,Fireburning Fireplace Low,EminYILDIRIM,https://creativecommons.org/licenses/by/4.0/,"['burning', 'flames', 'fire', 'burn', 'crackle', 'fireplace']",595243,files/595243_10912485-hq.ogg
91,2005 New Flyer D40LF MiWay Bus (idle),chungus43A,http://creativecommons.org/publicdomain/zero/1.0/,"['engine', 'd60lf', 'transportation', 'bus', 'mississauga', '2005', 'd40lf', 'motor', 'synth', 'public', 'miway']",595817,files/595817_12024110-hq.ogg
92,Stove Crackle,EminYILDIRIM,http://creativecommons.org/publicdomain/zero/1.0/,"['fire', 'stove', 'burn', 'crackle', 'flame', 'fireplace']",595248,files/595248_10912485-hq.ogg
93,Pistol Clock Clip Magazine,EminYILDIRIM,https://creativecommons.org/licenses/by/4.0/,"['shooting', 'shot', 'bullet', 'clip', 'army', 'fire', 'handgun', 'weapon', 'gun', 'reload', 'magazine', 'rifle', 'military', 'pistol', 'cock']",607056,files/607056_10912485-hq.ogg
94,Monster Growl & Orc,EminYILDIRIM,https://creativecommons.org/licenses/by/4.0/,"['growls', 'growl', 'monster', 'roar', 'beast', 'snarl', 'orc', 'creature']",564867,files/564867_10912485-hq.ogg
95,dope tom.wav,Teaganbear,http://creativecommons.org/publicdomain/zero/1.0/,"['tom', 'drum', 'percussion', 'dope', 'sample', 'percussive', 'hit', 'drums']",672578,files/672578_1343912-hq.ogg
96,WALLAEYS_Jeremy_2015_2016_Belugas_Space_Sound.wav,univ_lyon3,http://creativecommons.org/publicdomain/zero/1.0/,"['sci-fi', 'space', 'artificial', 'alien', 'strange', 'weird', 'beluga', 'experimental']",324445,files/324445_2465261-hq.ogg
97,Night Ambience Owl Loop,EminYILDIRIM,https://creativecommons.org/licenses/by/4.0/,"['owl', 'atmosphere', 'night', 'ambiance', 'ambient', 'ambience']",607922,files/607922_10912485-hq.ogg
98,Carpet Cleaner.wav,saturdaysoundguy,http://creativecommons.org/publicdomain/zero/1.0/,"['engine', 'cleaner', 'industrial', 'van', 'drone', 'clean', 'vacuum', 'ambience', 'carpet']",388017,files/388017_7280678-hq.ogg
99,Tree Squek,EminYILDIRIM,https://creativecommons.org/licenses/by/4.0/,"['squeak', 'creak', 'wood', 'tree']",608345,files/608345_10912485-hq.ogg
100,Night Ambient Cricket,EminYILDIRIM,https://creativecommons.org/licenses/by/4.0/,"['cricket', 'nature', 'countryside', 'night', 'ambiance', 'ambient', 'ambience']",607923,files/607923_10912485-hq.ogg
101,stapler staple paper sound effect,Garuda1982,https://creativecommons.org/licenses/by/4.0/,"['sound', 'stapler', 'office', 'effect', 'staple', 'application', 'paper', 'click']",552037,files/552037_2061858-hq.ogg
102,velcro pull sound effect,Garuda1982,https://creativecommons.org/licenses/by/4.0/,"['pull', 'off', 'fabric', 'tear', 'rip', 'velcro', 'put', 'tearing']",541496,files/541496_2061858-hq.ogg
103,super lead cut 6.wav,Calethos,http://creativecommons.org/publicdomain/zero/1.0/,"['lead', 'synth']",31130,files/31130_248225-hq.ogg
104,super lead cut 13.wav,Calethos,http://creativecommons.org/publicdomain/zero/1.0/,"['lead', 'synth']",31127,files/31127_248225-hq.ogg
105,super lead cut 2.wav,Calethos,http://creativecommons.org/publicdomain/zero/1.0/,"['lead', 'synth']",31129,files/31129_248225-hq.ogg
106,shredder,Garuda1982,http://creativecommons.org/publicdomain/zero/1.0/,"['shredding', 'paper', 'field-recording', 'office', 'shredder']",336734,files/336734_2061858-hq.ogg
107,Wood Crackle 02,EminYILDIRIM,https://creativecommons.org/licenses/by/4.0/,"['crakle', 'wood', 'tree', 'creak']",608347,files/608347_10912485-hq.ogg
108,Fireplace Burning Crackle,EminYILDIRIM,http://creativecommons.org/publicdomain/zero/1.0/,"['burning', 'flames', 'fire', 'burn', 'crackle', 'flame', 'fireplace', 'crackling']",595247,files/595247_10912485-hq.ogg
109,Tram passes main street in winter.mp3,Garuda1982,https://creativecommons.org/licenses/by/4.0/,"['town', 'city', 'noise', 'field-recording', 'tram', 'cars', 'train', 'polution', 'street', 'traffic', 'car', 'ambience', 'loud']",668626,files/668626_2061858-hq.ogg
110,"""Exhale"" Sample.wav",SilverIllusionist,https://creativecommons.org/licenses/by/4.0/,"['chill-electro-sample', 'electro-sample', 'silver-illusionist', 'dylan-kelk', 'silver-illusionist-music', 'Exhale-song', 'exhale-song', 'chillwave-sample', 'dance-music-sample', 'techo-sample', 'relax-max']",658104,files/658104_7395592-hq.ogg
111,Angry Cat,EminYILDIRIM,https://creativecommons.org/licenses/by/4.0/,"['growl', 'cat', 'beast', 'animal', 'anger', 'creature']",619847,files/619847_10912485-hq.ogg
112,Water Drop,EminYILDIRIM,https://creativecommons.org/licenses/by/4.0/,"['water', 'Nature', 'Drop', 'Water', 'Splash', 'Drops']",536111,files/536111_10912485-hq.ogg
113,Eating Chips,EminYILDIRIM,https://creativecommons.org/licenses/by/4.0/,"['chew', 'Eating', 'Crunch', 'crunchy', 'chewing', 'eating', 'Chips', 'eat']",536078,files/536078_10912485-hq.ogg
114,electric guitar melody #5,Garuda1982,https://creativecommons.org/licenses/by/4.0/,"['melancholic', 'slow', 'background', 'melodie', 'movie', 'smooth', 'cinematic', 'electric-guitar', 'clean', 'outro', 'melody', 'sad', 'soft', 'strings', 'film']",669479,files/669479_2061858-hq.ogg
115,Lynx Cat,EminYILDIRIM,https://creativecommons.org/licenses/by/4.0/,"['wildcat', 'Cat', 'Lynx']",611192,files/611192_10912485-hq.ogg
116,Old Wooden Door Closed,EminYILDIRIM,https://creativecommons.org/licenses/by/4.0/,"['door', 'wooden', 'closed', 'squeak', 'old', 'closing']",607414,files/607414_10912485-hq.ogg
117,River Flow High 02,EminYILDIRIM,https://creativecommons.org/licenses/by/4.0/,"['stream', 'relax', 'flow', 'water', 'waterfall', 'river']",608140,files/608140_10912485-hq.ogg
118,Soda Popup,EminYILDIRIM,https://creativecommons.org/licenses/by/4.0/,"['popup', 'pop', 'soda']",608666,files/608666_10912485-hq.ogg
119,River Flow 02,EminYILDIRIM,http://creativecommons.org/publicdomain/zero/1.0/,"['water', 'waterfall', 'river', 'flow', 'stream']",608138,files/608138_10912485-hq.ogg
120,open close plastic bathroom mirror cabinet sound effect,Garuda1982,https://creativecommons.org/licenses/by/4.0/,"['mechanics', 'sound', 'door', 'opening', 'bathromm', 'squeaky', 'effect', 'cabinet', 'mirror-cabinet', 'mirror', 'close', 'closing', 'open']",564631,files/564631_2061858-hq.ogg
121,open close glasses case sound effect,Garuda1982,https://creativecommons.org/licenses/by/4.0/,"['case', 'sound', 'sennheiser', 'f4', 'opening', 'effect', 'me66', 'zoom', 'suitcase', 'plock', 'close', 'closing', 'open', 'glasses-case', 'glasses']",564661,files/564661_2061858-hq.ogg
122,Rellotgeria Canovas - Toc de rellotge,BarcelonetaPowers,http://creativecommons.org/licenses/by-nc/3.0/,"['barcelonetapowers', 'barcelonetasonora', 'worksounds', 'community', 'catalan', 'local-history', 'watches', 'local-shops', 'spanish', 'voice', 'children', 'field-recording']",553659,files/553659_12356172-hq.ogg
123,Nets i mimats - Parlant d'ocells,BarcelonetaPowers,http://creativecommons.org/licenses/by-nc/3.0/,"['barcelonetapowers', 'barcelonetasonora', 'worksounds', 'pet-cleaning', 'community', 'catalan', 'local-history', 'local-shops', 'spanish', 'voice', 'children', 'field-recording']",553685,files/553685_12356172-hq.ogg
124,Floristeria Lola - Ambient,BarcelonetaPowers,http://creativecommons.org/licenses/by-nc/3.0/,"['barcelonetapowers', 'barcelonetasonora', 'worksounds', 'flowers', 'community', 'catalan', 'local-history', 'local-shops', 'spanish', 'voice', 'children', 'field-recording']",553625,files/553625_12356172-hq.ogg
125,Impact Sweetener,EminYILDIRIM,https://creativecommons.org/licenses/by/4.0/,"['impact', 'explosion', 'bass', 'drop', 'boom', 'thump', 'hit', 'thud', 'sweetener', 't']",592100,files/592100_10912485-hq.ogg
126,Bird Flying Chirp Close,EminYILDIRIM,https://creativecommons.org/licenses/by/4.0/,"['nature', 'tweet', 'flying', 'birds', 'chirp', 'chirping', 'bird', 'birdsong']",594763,files/594763_10912485-hq.ogg
127,Metallic Switch On/Off,EminYILDIRIM,https://creativecommons.org/licenses/by/4.0/,"['button', 'on-off', 'Metallic', 'switch', 'UI', 'press', 'click']",592638,files/592638_10912485-hq.ogg
128,tractor drive past sound effect,Garuda1982,https://creativecommons.org/licenses/by/4.0/,"['MOTOR', 'POWER', 'farm', 'big', 'mechanical', 'machine', 'street', 'machinery', 'motor', 'farmer', 'tractor']",570376,files/570376_2061858-hq.ogg
129,brushcutter sound effect,Garuda1982,https://creativecommons.org/licenses/by/4.0/,"['brushcutter', 'gras', 'garden', 'working', 'work', 'worker', 'cut', 'cutting', 'drilling', 'cuting']",570375,files/570375_2061858-hq.ogg
130,Bass loops 013 with drums short loop 120 bpm.wav,josefpres,http://creativecommons.org/publicdomain/zero/1.0/,"['groovy', 'drum-loop', 'drum', 'bass', 'hip', 'hop', '120bpm', 'drums', 'onlybass', 'bpm', '120', 'beat', 'funky', 'dance', 'loops', 'percs', 'rhythm', 'groove', 'loop']",579546,files/579546_5674468-hq.ogg
131,Wind Whistle Loop,EminYILDIRIM,https://creativecommons.org/licenses/by/4.0/,"['blow', 'blowing', 'blume', 'howling', 'whistling', 'whistle', 'windy', 'howl', 'wind']",573375,files/573375_10912485-hq.ogg
132,Fill plastic watering can with water sound effect,Garuda1982,http://creativecommons.org/publicdomain/zero/1.0/,"['pouring', 'garden', 'liquid', 'spring', 'plastic', 'water', 'filling', 'splash', 'can', 'sommer', 'waterin-can', 'fill']",576579,files/576579_2061858-hq.ogg
133,Imp Voice Creatures Vocalized,EminYILDIRIM,https://creativecommons.org/licenses/by/4.0/,"['little', 'vocalized', 'demon', 'evil', 'imp', 'small', 'voice', 'creatures']",592659,files/592659_10912485-hq.ogg
134,Leather Bow Stretch,EminYILDIRIM,https://creativecommons.org/licenses/by/4.0/,"['Leather', 'Stretch', 'leather', 'stretch', 'Bow']",536085,files/536085_10912485-hq.ogg
135,lom geofon metall working low end,Garuda1982,https://creativecommons.org/licenses/by/4.0/,"['end', 'bass', 'work', 'lom', 'metall', 'geofon', 'squaky', 'low']",653132,files/653132_2061858-hq.ogg
136,Handsaw,EminYILDIRIM,https://creativecommons.org/licenses/by/4.0/,"['saw', 'Handsaw', 'sawmill']",607411,files/607411_10912485-hq.ogg
137,mann burp sound effect,Garuda1982,https://creativecommons.org/licenses/by/4.0/,"['burping', 'sound', 'd100', 'drink', 'disgusting', 'air', 'burp', 'human', 'pcm', 'sony', 'effect', 'foley']",559324,files/559324_2061858-hq.ogg
138,open unlock umbrella sound effect,Garuda1982,https://creativecommons.org/licenses/by/4.0/,"['sound', 'd100', 'umbrella', 'folley', 'effect', 'unlock', 'pcm', 'sony', 'open']",554267,files/554267_2061858-hq.ogg
139,acoustic guitar melody fingerstyle #6,Garuda1982,https://creativecommons.org/licenses/by/4.0/,"['bass', 'ambient', 'smooth', 'guitar', 'steelstring', 'clean', 'fingerpicking', 'acoustic', 'line', 'piezo', 'loop', 'fingerstyle']",658852,files/658852_2061858-hq.ogg
140,Door Squeak,EminYILDIRIM,https://creativecommons.org/licenses/by/4.0/,"['old', 'door', 'Old', 'Squeaking', 'Creak', 'Squeak', 'Door']",536076,files/536076_10912485-hq.ogg
141,turnstile turn rotate sound effect,Garuda1982,https://creativecommons.org/licenses/by/4.0/,"['sound', 'entrance', 'rotate', 'turning', 'door', 'lock', 'metal', 'effect', 'olympus', 'lsp4', 'turn', 'exit', 'mechanic', 'turnstile', 'security']",557106,files/557106_2061858-hq.ogg
142,Roll up the vacuum cleaner cable automatically sound effect,Garuda1982,https://creativecommons.org/licenses/by/4.0/,"['sound', 'cleaner', 'roll-up', 'hoover', 'cable', 'd100', 'folley', 'pcm', 'effect', 'fast', 'pipe', 'vacuum', 'rolling', 'sony', 'automatically']",561799,files/561799_2061858-hq.ogg
143,wood stick breaking field recording with zoom h2n,Garuda1982,http://creativecommons.org/publicdomain/zero/1.0/,"['woods', 'zoom-h2n', 'field-recording', 'wood-stick-break', 'nature', 'zoomh2n', 'fire', 'wood', 'wood-stick-broke', 'forest', 'bones-break']",418500,files/418500_2061858-hq.ogg
144,open heavy wooden door and step out onto the street,Garuda1982,http://creativecommons.org/publicdomain/zero/1.0/,"['city', 'noise', 'door', 'step-out', 'people', 'wooden', 'car', 'floor', 'street', 'talking', 'wood', 'open-door', 'cars', 'open', 'talk', 'field-recording']",633122,files/633122_2061858-hq.ogg
145,Fireplace Burning,EminYILDIRIM,http://creativecommons.org/publicdomain/zero/1.0/,"['flames', 'burning', 'fire', 'stove', 'burn', 'flame', 'fireplace']",595244,files/595244_10912485-hq.ogg
146,Wierd Impact Designed,EminYILDIRIM,https://creativecommons.org/licenses/by/4.0/,"['Impact', 'Hit', 'game', 'Designed', 'audio', 'Boom']",668272,files/668272_10912485-hq.ogg
147,Forest Footsteps,EminYILDIRIM,http://creativecommons.org/publicdomain/zero/1.0/,"['walk', 'footsteps', 'forest', 'nature']",595874,files/595874_10912485-hq.ogg
148,electric loading ramp open close,Garuda1982,https://creativecommons.org/licenses/by/4.0/,"['noise', 'door', 'electric', 'sfx', 'industry', 'loading-ramp', 'machine', 'working', 'future', 'sound-design', 'atmo', 'warehouse', 'sounddesign']",637009,files/637009_2061858-hq.ogg
149,sparkling water maker,Garuda1982,http://creativecommons.org/publicdomain/zero/1.0/,"['bubbly', 'carbonated', 'co', 'liquid', 'underwater', 'd100', 'sound', 'bubbling', 'fizzy', 'sparkling', 'effect', 'water', 'pressure', 'field', 'pcm', 'sony', 'bubbles', 'bubble', 'recording', 'fizz']",527771,files/527771_2061858-hq.ogg
